{
    "device": "3050ti",
    "speedups": [
        {
            "pairs": ["uint8", "uint16"],
            "speedup_values": [
                [1024, 1.095890410958904],
                [2048, 0.8095238095238095],
                [4096, 0.9834183673469388],
                [8192, 1.299385832071344],
                [16384, 1.3725914884038954],
                [32768, 1.694236482705982],
                [65536, 1.7788366417692154],
                [131072, 1.8105715938236042],
                [262144, 1.7378832465755882],
                [524288, 1.7205378297023746],
                [1048576, 1.6769092163201478],
                [2097152, 1.7302708700813165],
                [4194304, 1.8369418617586608],
                [8388608, 1.897708060167241],
                [16777216, 1.9391191287684064],
                [33554432, 1.952239268708375],
                [67108864, 1.9672583741294296],
                [134217728, 1.9663140359344176],
                [268435456, 1.967302593198269],
                [536870912, 1.9683856104791764],
                [1073741824, 1.9749297846398044]
            ]
        },
        {
            "pairs": ["uint8", "uint32"],
            "speedup_values": [
                [1024, 1.095890410958904],
                [2048, 0.7596371882086169],
                [4096, 0.9158163265306122],
                [8192, 1.6797072185764763],
                [16384, 2.2928237743052557],
                [32768, 2.8330666779204976],
                [65536, 3.4393185069038092],
                [131072, 3.690076530694054],
                [262144, 3.9219025791243918],
                [524288, 3.4188350183546983],
                [1048576, 3.1862430004965914],
                [2097152, 3.4030168922623574],
                [4194304, 3.4182364608472855],
                [8388608, 3.8186801446217773],
                [16777216, 4.037276803268651],
                [33554432, 4.155713685707175],
                [67108864, 4.196973108954023],
                [134217728, 4.18992282345971],
                [268435456, 4.183695264672307],
                [536870912, 4.162995096693013],
                [1073741824, 4.215029922435189]
            ]
        },
        {
            "pairs": ["uint8", "uint64"],
            "speedup_values": [
                [1024, 1.041095890410959],
                [2048, 0.7482993197278912],
                [4096, 0.8290816326530612],
                [8192, 1.7491166077738516],
                [16384, 2.801293356848913],
                [32768, 4.357142863360593],
                [65536, 5.74085283123032],
                [131072, 6.839412614126511],
                [262144, 6.898527813833842],
                [524288, 7.152475824876104],
                [1048576, 6.099892553366429],
                [2097152, 6.038948478960775],
                [4194304, 6.236685992983248],
                [8388608, 6.703920360751931],
                [16777216, 7.480608556705515],
                [33554432, 7.984424181963524],
                [67108864, 8.142915893063801],
                [134217728, 8.167362523485007],
                [268435456, 8.221960987332436],
                [536870912, 8.192685560946435],
                [1073741824, 8.300644523678525]
            ]
        },
        {
            "pairs": ["uint16", "uint32"],
            "speedup_values": [
                [1024, 1.0],
                [2048, 0.9383753501400562],
                [4096, 0.9312581063553825],
                [8192, 1.292693191751109],
                [16384, 1.6704342068822264],
                [32768, 1.6721790062008413],
                [65536, 1.933465067080636],
                [131072, 2.0380726966456324],
                [262144, 2.256712346385929],
                [524288, 1.9870734367672125],
                [1048576, 1.9000688704475988],
                [2097152, 1.9667538482586995],
                [4194304, 1.8608299652851925],
                [8388608, 2.0122590111596224],
                [16777216, 2.0820158717287516],
                [33554432, 2.128690756464829],
                [67108864, 2.1334122472912633],
                [134217728, 2.1308513019226885],
                [268435456, 2.1266150307212373],
                [536870912, 2.114928637219406],
                [1073741824, 2.134268243467675]
            ]
        },
        {
            "pairs": ["uint16", "uint64"],
            "speedup_values": [
                [1024, 0.9500000000000001],
                [2048, 0.9243697478991598],
                [4096, 0.8430609597924773],
                [8192, 1.3461102657904112],
                [16384, 2.040879154879774],
                [32768, 2.571744209168191],
                [65536, 3.227307497736565],
                [131072, 3.7774880802602735],
                [262144, 3.969500153377418],
                [524288, 4.1571162815486415],
                [1048576, 3.637580671631222],
                [2097152, 3.490175199376133],
                [4194304, 3.3951460973361116],
                [8388608, 3.5326405053900274],
                [16777216, 3.8577354251859073],
                [33554432, 4.089879918892378],
                [67108864, 4.139220348556037],
                [134217728, 4.153640961833328],
                [268435456, 4.179306739979379],
                [536870912, 4.162134450348902],
                [1073741824, 4.203007412333107]
            ]
        },
        {
            "pairs": ["uint32", "uint64"],
            "speedup_values": [
                [1024, 0.9500000000000001],
                [2048, 0.9850746268656716],
                [4096, 0.9052924791086352],
                [8192, 1.0413223140495869],
                [16384, 1.2217656621681392],
                [32768, 1.5379598713005882],
                [65536, 1.669183246537533],
                [131072, 1.8534609125952488],
                [262144, 1.7589748023200553],
                [524288, 2.0920798419568687],
                [1048576, 1.9144467488561707],
                [2097152, 1.7745866888559654],
                [4194304, 1.824533224783796],
                [8388608, 1.7555595406946354],
                [16777216, 1.8528847342468766],
                [33554432, 1.9213123871898359],
                [67108864, 1.9401877690593998],
                [134217728, 1.9492871032743844],
                [268435456, 1.9652389734882927],
                [536870912, 1.9679786717631529],
                [1073741824, 1.9692967016668095]
            ]
        }
    ],
    "speedup_stats": [
        {
            "pairs": ["uint8", "uint16"],
            "avg_speedup": 1.6752502146222332,
            "std_speedup": 0.34420738194452993
        },
        {
            "pairs": ["uint8", "uint32"],
            "avg_speedup": 3.1911836873807338,
            "std_speedup": 1.1279841414045535
        },
        {
            "pairs": ["uint8", "uint64"],
            "avg_speedup": 5.7013023032418895,
            "std_speedup": 2.600041688523759
        },
        {
            "pairs": ["uint16", "uint32"],
            "avg_speedup": 1.8243312948655235,
            "std_speedup": 0.41089921667210283
        },
        {
            "pairs": ["uint16", "uint64"],
            "avg_speedup": 3.1737163848245444,
            "std_speedup": 1.1777805542507531
        },
        {
            "pairs": ["uint32", "uint64"],
            "avg_speedup": 1.6595441095610306,
            "std_speedup": 0.3791187845196739
        }
    ]
}