{
    "device": "5090",
    "speedups": [
        {
            "pairs": ["uint8", "uint16"],
            "speedup_values": [
                [1024, 0.9534342144409984],
                [2048, 0.5172457423658755],
                [4096, 1.7525419909997104],
                [8192, 1.1764555183743202],
                [16384, 1.3906195302611626],
                [32768, 1.658130952305876],
                [65536, 1.8971218013963271],
                [131072, 1.968300672571988],
                [262144, 1.9698769039958919],
                [524288, 2.049092720048821],
                [1048576, 1.9979691612514807],
                [2097152, 1.940125020879927],
                [4194304, 2.0481146320657873],
                [8388608, 2.030971738575358],
                [16777216, 2.0119479608323125],
                [33554432, 1.942814219051135],
                [67108864, 2.0074503227163807],
                [134217728, 1.8162339160339407],
                [268435456, 1.9909998953479409],
                [536870912, 2.207023955178241],
                [1073741824, 1.9847517076275982]
            ]
        },
        {
            "pairs": ["uint8", "uint32"],
            "speedup_values": [
                [1024, 0.9954915385787095],
                [2048, 0.9243102380605263],
                [4096, 1.566396752441447],
                [8192, 2.708475769964589],
                [16384, 1.8175464186842092],
                [32768, 2.959226096260983],
                [65536, 4.2892842077523134],
                [131072, 4.988512008229405],
                [262144, 5.121120231571724],
                [524288, 5.436136813327084],
                [1048576, 5.373291982851775],
                [2097152, 4.890941987412404],
                [4194304, 5.330396648331985],
                [8388608, 5.478332343577134],
                [16777216, 5.47006125898112],
                [33554432, 5.317194788785299],
                [67108864, 5.189331988005457],
                [134217728, 4.843178503955328],
                [268435456, 4.856917862043708],
                [536870912, 5.338765996294396],
                [1073741824, 4.718143546740851]
            ]
        },
        {
            "pairs": ["uint8", "uint64"],
            "speedup_values": [
                [1024, 1.0095254369529383],
                [2048, 0.9533841712273634],
                [4096, 1.63539787227652],
                [8192, 2.5852725848658045],
                [16384, 3.926348220410041],
                [32768, 3.8808824185437842],
                [65536, 6.539995860922264],
                [131072, 9.078315863685841],
                [262144, 9.700560165270431],
                [524288, 10.512180736594813],
                [1048576, 10.515212086487368],
                [2097152, 10.63010311569875],
                [4194304, 10.43871511948802],
                [8388608, 10.648259692132925],
                [16777216, 10.6783618771188],
                [33554432, 10.48174604286974],
                [67108864, 10.275151714144535],
                [134217728, 9.429937696645476],
                [268435456, 9.432495899099417],
                [536870912, 10.110522696450772],
                [1073741824, 9.222873129287676]
            ]
        },
        {
            "pairs": ["uint16", "uint32"],
            "speedup_values": [
                [1024, 1.044111406430248],
                [2048, 1.7869847199374576],
                [4096, 0.893785575744134],
                [8192, 2.302233894662914],
                [16384, 1.3070048126987461],
                [32768, 1.7846757471994248],
                [65536, 2.2609429740332425],
                [131072, 2.534425800764927],
                [262144, 2.59971586101829],
                [524288, 2.6529481853791195],
                [1048576, 2.68937683677063],
                [2097152, 2.5209416582824953],
                [4194304, 2.6025870646486196],
                [8388608, 2.6973946705038623],
                [16777216, 2.7187886394030976],
                [33554432, 2.7368519010439414],
                [67108864, 2.5850363166065873],
                [134217728, 2.666605034296046],
                [268435456, 2.4394365230214783],
                [536870912, 2.4189886946031054],
                [1073741824, 2.3771958621365865]
            ]
        },
        {
            "pairs": ["uint16", "uint64"],
            "speedup_values": [
                [1024, 1.0588307212625323],
                [2048, 1.843193849922469],
                [4096, 0.9331575966083601],
                [8192, 2.19750984587862],
                [16384, 2.823452522396734],
                [32768, 2.340516237964706],
                [65536, 3.447325235579851],
                [131072, 4.612260713106988],
                [262144, 4.924449921511776],
                [524288, 5.130163527370471],
                [1048576, 5.262950144786463],
                [2097152, 5.479081503148471],
                [4194304, 5.096743588496915],
                [8388608, 5.242938387514065],
                [16777216, 5.307474191679054],
                [33554432, 5.395135541054974],
                [67108864, 5.1185085866736255],
                [134217728, 5.192028192732668],
                [268435456, 4.737567250073122],
                [536870912, 4.581066133300868],
                [1073741824, 4.646864942271246]
            ]
        },
        {
            "pairs": ["uint32", "uint64"],
            "speedup_values": [
                [1024, 1.0140974562116976],
                [2048, 1.0314547345357148],
                [4096, 1.0440508573115497],
                [8192, 0.9545119854993589],
                [16384, 2.160246461959675],
                [32768, 1.3114518094603602],
                [65536, 1.5247289627257823],
                [131072, 1.8198444443372301],
                [262144, 1.8942262096223486],
                [524288, 1.9337594136379053],
                [1048576, 1.9569403859022405],
                [2097152, 2.1734265389074263],
                [4194304, 1.9583374011678016],
                [8388608, 1.943704584592623],
                [16777216, 1.9521466710425475],
                [33554432, 1.9712924689118398],
                [67108864, 1.9800528734516047],
                [134217728, 1.9470555728937582],
                [268435456, 1.9420744115961608],
                [536870912, 1.8937939410471303],
                [1073741824, 1.9547673863502]
            ]
        }
    ],
    "speedup_stats": [
        {
            "pairs": ["uint8", "uint16"],
            "avg_speedup": 1.7767248845867176,
            "std_speedup": 0.4127049761027703
        },
        {
            "pairs": ["uint8", "uint32"],
            "avg_speedup": 4.172050332469068,
            "std_speedup": 1.5642026902438417
        },
        {
            "pairs": ["uint8", "uint64"],
            "avg_speedup": 7.699297257151109,
            "std_speedup": 3.567505713649634
        },
        {
            "pairs": ["uint16", "uint32"],
            "avg_speedup": 2.2676205799611884,
            "std_speedup": 0.5516075568838495
        },
        {
            "pairs": ["uint16", "uint64"],
            "avg_speedup": 4.0652961253968565,
            "std_speedup": 1.4956447427819104
        },
        {
            "pairs": ["uint32", "uint64"],
            "avg_speedup": 1.7315221224364263,
            "std_speedup": 0.39259842261519484
        }
    ]
}