{
    "device": "A100",
    "speedups": [
        {
            "pairs": ["uint8", "uint16"],
            "speedup_values": [
                [1024, 0.9136233763050863],
                [2048, 0.9659818261630828],
                [4096, 1.0670786398196594],
                [8192, 1.2409648365057904],
                [16384, 1.6575889038386395],
                [32768, 1.7837737095725994],
                [65536, 1.9123272536804794],
                [131072, 1.9537470874470946],
                [262144, 1.9646768394777696],
                [524288, 2.007904410529448],
                [1048576, 1.9776698380959283],
                [2097152, 1.967799645564153],
                [4194304, 1.9886356939119212],
                [8388608, 1.987477432957291],
                [16777216, 1.989602231702631],
                [33554432, 1.9894885243439777],
                [67108864, 1.9896342688240636],
                [134217728, 1.9913416445889913],
                [268435456, 1.9904576705582673],
                [536870912, 1.9927144143346254],
                [1073741824, 1.9847946847281086]
            ]
        },
        {
            "pairs": ["uint8", "uint32"],
            "speedup_values": [
                [1024, 0.9550200348962784],
                [2048, 0.9548492164402091],
                [4096, 1.0191324950769969],
                [8192, 1.4928447769769149],
                [16384, 2.94634836605758],
                [32768, 2.6336467665277405],
                [65536, 3.610391824418598],
                [131072, 4.129638252403246],
                [262144, 4.211639626218645],
                [524288, 4.240824898941632],
                [1048576, 4.140276174902146],
                [2097152, 4.258539095703241],
                [4194304, 4.262755441497152],
                [8388608, 4.262360551385399],
                [16777216, 4.28278654234649],
                [33554432, 4.2864017309506055],
                [67108864, 4.276383163665676],
                [134217728, 4.258760077530657],
                [268435456, 4.242969772677135],
                [536870912, 4.223964214771842],
                [1073741824, 4.238013835820524]
            ]
        },
        {
            "pairs": ["uint8", "uint64"],
            "speedup_values": [
                [1024, 0.8352027151932659],
                [2048, 0.8971708898383087],
                [4096, 0.9768731210842047],
                [8192, 1.40532257078073],
                [16384, 3.602311985202264],
                [32768, 4.8380368034470385],
                [65536, 5.987111798414501],
                [131072, 7.703430765820837],
                [262144, 8.153183344895469],
                [524288, 8.538993904679495],
                [1048576, 8.533945597377842],
                [2097152, 8.577373648954337],
                [4194304, 8.597690526178276],
                [8388608, 8.568305436067359],
                [16777216, 8.555306458448344],
                [33554432, 8.524322635421882],
                [67108864, 8.480400539127412],
                [134217728, 8.433693178758736],
                [268435456, 8.402312242604262],
                [536870912, 8.395801456069668],
                [1073741824, 8.394114315978198]
            ]
        },
        {
            "pairs": ["uint16", "uint32"],
            "speedup_values": [
                [1024, 1.0453104196595868],
                [2048, 0.9884753424739959],
                [4096, 0.9550678432184102],
                [8192, 1.202971053700722],
                [16384, 1.7774904014104072],
                [32768, 1.4764466772855256],
                [65536, 1.8879571043449865],
                [131072, 2.1137015527425946],
                [262144, 2.1436806000818636],
                [524288, 2.1120651345266994],
                [1048576, 2.0935123220002905],
                [2097152, 2.164112136773127],
                [4194304, 2.143557743908198],
                [8388608, 2.14460827615193],
                [16777216, 2.1525843076087794],
                [33554432, 2.1545244812930107],
                [67108864, 2.149331276945261],
                [134217728, 2.138638585248719],
                [268435456, 2.131655365214123],
                [536870912, 2.1197037490102355],
                [1073741824, 2.135240419792377]
            ]
        },
        {
            "pairs": ["uint16", "uint64"],
            "speedup_values": [
                [1024, 0.9141652204336403],
                [2048, 0.9287658064975263],
                [4096, 0.9154649757109748],
                [8192, 1.1324435064072604],
                [16384, 2.173223998338816],
                [32768, 2.7122480713129553],
                [65536, 3.130798762027609],
                [131072, 3.942900703635438],
                [262144, 4.149885203035561],
                [524288, 4.252689450703441],
                [1048576, 4.315151818057862],
                [2097152, 4.358865328738927],
                [4194304, 4.323411549183969],
                [8388608, 4.311146025601934],
                [16777216, 4.300008475124707],
                [33554432, 4.2846804749641505],
                [67108864, 4.262291151699752],
                [134217728, 4.235181442458826],
                [268435456, 4.2212966228252675],
                [536870912, 4.213248720275382],
                [1073741824, 4.229210396705634]
            ]
        },
        {
            "pairs": ["uint32", "uint64"],
            "speedup_values": [
                [1024, 0.8745394700373743],
                [2048, 0.9395943091235577],
                [4096, 0.9585339745352741],
                [8192, 0.9413721992092026],
                [16384, 1.2226361372271837],
                [32768, 1.8370105152049738],
                [65536, 1.6582997329877458],
                [131072, 1.8654008644311206],
                [262144, 1.9358691788679172],
                [524288, 2.013521922777463],
                [1048576, 2.0612020157277406],
                [2097152, 2.014158718798353],
                [4194304, 2.016932625897633],
                [8388608, 2.0102253980561064],
                [16777216, 1.9976028162638684],
                [33554432, 1.9886896213835334],
                [67108864, 1.9830778053709508],
                [134217728, 1.9803165769434035],
                [268435456, 1.980290384511214],
                [536870912, 1.9876592293817925],
                [1073741824, 1.980671758319781]
            ]
        }
    ],
    "speedup_stats": [
        {
            "pairs": ["uint8", "uint16"],
            "avg_speedup": 1.7770134729976004,
            "std_speedup": 0.367062639926967
        },
        {
            "pairs": ["uint8", "uint32"],
            "avg_speedup": 3.4727403266289865,
            "std_speedup": 1.2309936940775084
        },
        {
            "pairs": ["uint8", "uint64"],
            "avg_speedup": 6.495281139730592,
            "std_speedup": 2.9569676181413085
        },
        {
            "pairs": ["uint16", "uint32"],
            "avg_speedup": 1.8681254663519449,
            "std_speedup": 0.43065161020572806
        },
        {
            "pairs": ["uint16", "uint64"],
            "avg_speedup": 3.3955751287495066,
            "std_speedup": 1.3044307305133285
        },
        {
            "pairs": ["uint32", "uint64"],
            "avg_speedup": 1.7260764407169613,
            "std_speedup": 0.42520809960650524
        }
    ]
}