{
  "1": {
    "round_trip_ns": {
      "mean": 559.6595744680851,
      "std": 10.750837362679851,
      "min": 544.6808510638298,
      "max": 567.3758865248227
    },
    "single_trip_c2s_ns": {
      "mean": 393.30496453900713,
      "std": 10.671494305142703,
      "min": 385.81560283687946,
      "max": 408.5106382978724
    },
    "single_trip_s2c_ns": {
      "mean": 152.51063829787233,
      "std": 10.190045649086487,
      "min": 136.17021276595744,
      "max": 158.86524822695037
    },
    "send_overhead_client_ns": {
      "mean": 311.1489361702128,
      "std": 10.786709458896933,
      "min": 295.0354609929078,
      "max": 340.4255319148936
    },
    "send_overhead_server_ns": {
      "mean": 205.3900709219858,
      "std": 5.896343174702559,
      "min": 181.56028368794327,
      "max": 226.9503546099291
    },
    "throughput_gbps": 0.0017868004866180046
  },
  "2": {
    "round_trip_ns": {
      "mean": 557.1631205673759,
      "std": 11.290637584188605,
      "min": 544.6808510638298,
      "max": 567.3758865248227
    },
    "single_trip_c2s_ns": {
      "mean": 390.5815602836881,
      "std": 9.243874884274074,
      "min": 385.81560283687946,
      "max": 408.5106382978724
    },
    "single_trip_s2c_ns": {
      "mean": 150.92198581560282,
      "std": 10.824842001894428,
      "min": 136.17021276595744,
      "max": 158.86524822695037
    },
    "send_overhead_client_ns": {
      "mean": 309.33333333333337,
      "std": 10.957260894931808,
      "min": 295.0354609929078,
      "max": 317.73049645390074
    },
    "send_overhead_server_ns": {
      "mean": 204.709219858156,
      "std": 4.516255033675437,
      "min": 181.56028368794327,
      "max": 226.9503546099291
    },
    "throughput_gbps": 0.0035896130346232177
  },
  "4": {
    "round_trip_ns": {
      "mean": 558.7517730496454,
      "std": 11.015862558421883,
      "min": 544.6808510638298,
      "max": 567.3758865248227
    },
    "single_trip_c2s_ns": {
      "mean": 393.53191489361706,
      "std": 10.750837362679851,
      "min": 385.81560283687946,
      "max": 408.5106382978724
    },
    "single_trip_s2c_ns": {
      "mean": 151.82978723404256,
      "std": 10.496300554754894,
      "min": 136.17021276595744,
      "max": 158.86524822695037
    },
    "send_overhead_client_ns": {
      "mean": 311.1489361702128,
      "std": 10.78670945889693,
      "min": 295.0354609929078,
      "max": 340.4255319148936
    },
    "send_overhead_server_ns": {
      "mean": 205.39007092198574,
      "std": 4.9462683047270035,
      "min": 204.2553191489362,
      "max": 226.9503546099291
    },
    "throughput_gbps": 0.007158813972380179
  },
  "8": {
    "round_trip_ns": {
      "mean": 765.0496453900711,
      "std": 10.786709458896937,
      "min": 748.936170212766,
      "max": 794.3262411347519
    },
    "single_trip_c2s_ns": {
      "mean": 598.6950354609929,
      "std": 11.015862558421885,
      "min": 590.0709219858156,
      "max": 612.7659574468086
    },
    "single_trip_s2c_ns": {
      "mean": 151.82978723404256,
      "std": 10.496300554754894,
      "min": 136.17021276595744,
      "max": 158.86524822695037
    },
    "send_overhead_client_ns": {
      "mean": 516.7659574468084,
      "std": 10.57452278669778,
      "min": 499.290780141844,
      "max": 544.6808510638298
    },
    "send_overhead_server_ns": {
      "mean": 229.4468085106383,
      "std": 7.792696607495893,
      "min": 204.2553191489362,
      "max": 249.645390070922
    },
    "throughput_gbps": 0.010456837733610204
  },
  "16": {
    "round_trip_ns": {
      "mean": 1061.9007092198583,
      "std": 9.243874884274026,
      "min": 1043.971631205674,
      "max": 1066.6666666666667
    },
    "single_trip_c2s_ns": {
      "mean": 901.9007092198583,
      "std": 9.95481972174131,
      "min": 885.1063829787234,
      "max": 907.8014184397164
    },
    "single_trip_s2c_ns": {
      "mean": 145.70212765957444,
      "std": 11.201327822300666,
      "min": 136.17021276595744,
      "max": 158.86524822695037
    },
    "send_overhead_client_ns": {
      "mean": 816.7943262411347,
      "std": 9.889932967716717,
      "min": 794.3262411347519,
      "max": 839.7163120567376
    },
    "send_overhead_server_ns": {
      "mean": 222.4113475177305,
      "std": 9.628688084242345,
      "min": 204.2553191489362,
      "max": 249.645390070922
    },
    "throughput_gbps": 0.015067322077366958
  },
  "32": {
    "round_trip_ns": {
      "mean": 1774.9787234042553,
      "std": 10.786709458896972,
      "min": 1747.517730496454,
      "max": 1792.90780141844
    },
    "single_trip_c2s_ns": {
      "mean": 1613.3900709219859,
      "std": 9.67937276011855,
      "min": 1588.6524822695037,
      "max": 1634.0425531914896
    },
    "single_trip_s2c_ns": {
      "mean": 146.60992907801418,
      "std": 11.311147387803343,
      "min": 136.17021276595744,
      "max": 158.86524822695037
    },
    "send_overhead_client_ns": {
      "mean": 1528.5106382978724,
      "std": 11.290637584188655,
      "min": 1497.872340425532,
      "max": 1543.2624113475179
    },
    "send_overhead_server_ns": {
      "mean": 258.04255319148933,
      "std": 10.957260894931794,
      "min": 249.645390070922,
      "max": 272.3404255319149
    },
    "throughput_gbps": 0.01802838511699271
  },
  "64": {
    "round_trip_ns": {
      "mean": 3194.0992907801424,
      "std": 10.940796181055369,
      "min": 3177.3049645390074,
      "max": 3222.695035460993
    },
    "single_trip_c2s_ns": {
      "mean": 3034.553191489361,
      "std": 10.786709458896784,
      "min": 3018.439716312057,
      "max": 3063.8297872340427
    },
    "single_trip_s2c_ns": {
      "mean": 145.47517730496452,
      "std": 11.162174300012888,
      "min": 136.17021276595744,
      "max": 158.86524822695037
    },
    "send_overhead_client_ns": {
      "mean": 2948.31205673759,
      "std": 8.549132800833991,
      "min": 2927.6595744680853,
      "max": 2973.049645390071
    },
    "send_overhead_server_ns": {
      "mean": 328.62411347517735,
      "std": 11.338436082198491,
      "min": 317.73049645390074,
      "max": 340.4255319148936
    },
    "throughput_gbps": 0.020036947562881907
  },
  "128": {
    "round_trip_ns": {
      "mean": 6038.695035460992,
      "std": 10.48893731249143,
      "min": 6014.184397163121,
      "max": 6059.574468085107
    },
    "single_trip_c2s_ns": {
      "mean": 5879.375886524825,
      "std": 9.53191489361713,
      "min": 5855.319148936171,
      "max": 5900.709219858157
    },
    "single_trip_s2c_ns": {
      "mean": 145.70212765957444,
      "std": 11.201327822300664,
      "min": 136.17021276595744,
      "max": 158.86524822695037
    },
    "send_overhead_client_ns": {
      "mean": 5792.680851063831,
      "std": 11.625530530374457,
      "min": 5764.5390070921985,
      "max": 5809.929078014185
    },
    "send_overhead_server_ns": {
      "mean": 471.14893617021283,
      "std": 9.692666781985878,
      "min": 453.9007092198582,
      "max": 476.5957446808511
    },
    "throughput_gbps": 0.021196632591701747
  },
  "256": {
    "round_trip_ns": {
      "mean": 11730.15602836879,
      "std": 9.639380689518298,
      "min": 11710.638297872341,
      "max": 11756.028368794327
    },
    "single_trip_c2s_ns": {
      "mean": 11569.929078014187,
      "std": 10.149528408509541,
      "min": 11551.773049645391,
      "max": 11597.163120567377
    },
    "single_trip_s2c_ns": {
      "mean": 146.38297872340422,
      "std": 11.290637584188605,
      "min": 136.17021276595744,
      "max": 158.86524822695037
    },
    "send_overhead_client_ns": {
      "mean": 11484.368794326247,
      "std": 7.4962358308827275,
      "min": 11460.99290780142,
      "max": 11506.382978723404
    },
    "send_overhead_server_ns": {
      "mean": 756.1985815602841,
      "std": 10.58669280198864,
      "min": 748.936170212766,
      "max": 771.6312056737589
    },
    "throughput_gbps": 0.0218240916302287
  },